1570702519522,62.126678466796875,20.600139160156253
1570702549619,62.027496337890625,20.589414062500005
1570702579694,62.347930908203125,20.62158935546875
1570702609782,62.973541259765625,20.6108642578125
1570702639853,63.126129150390625,20.664489746093743
1570702669924,63.240570068359375,20.664489746093743
1570702700012,62.973541259765625,20.685939941406254
1570702730094,62.889617919921875,20.685939941406254
1570702760182,62.714141845703125,20.696665039062502
1570702790271,62.569183349609375,20.728840332031247
1570702820360,62.393707275390625,20.750290527343743
1570702850444,62.294525146484375,20.739565429687495
1570702880531,62.195343017578125,20.771740722656254
1570702910620,62.080902099609375,20.79319091796875
1570702940679,61.966461181640625,20.79319091796875
1570702970768,61.882537841796875,20.782465820312503
1570703000834,61.699432373046875,20.814641113281247
1570703030894,61.615509033203125,20.814641113281247
1570703060974,61.554473876953125,20.825366210937496
1570703091062,61.470550537109375,20.846816406249992
1570703121134,61.371368408203125,20.836091308593744
1570703151223,61.409515380859375,20.857541503906255
1570703181312,61.363739013671875,20.846816406249992
1570703211400,61.325592041015625,20.87899169921875
1570703241464,61.249298095703125,20.889716796875
1570703271551,61.203521728515625,20.889716796875
1570703301640,61.203521728515625,20.87899169921875
1570703331729,61.134857177734375,20.900441894531248
1570703361794,61.150115966796875,20.921892089843745
1570703391854,61.127227783203125,20.921892089843745
1570703421914,61.005157470703125,20.954067382812504
1570703451975,61.035675048828125,20.94334228515624
1570703482063,60.989898681640625,20.94334228515624
1570703512151,60.959381103515625,20.964792480468752
1570703542240,60.959381103515625,20.954067382812504
1570703572314,60.944122314453125,20.954067382812504
1570703602394,60.867828369140625,20.98624267578125
1570703632482,60.867828369140625,20.964792480468752
1570703662564,60.860198974609375,20.975517578125
1570703692652,60.837310791015625,21.007692871093745
1570703722734,60.875457763671875,20.98624267578125
1570703752814,60.875457763671875,21.007692871093745
1570703782903,60.776275634765625,21.007692871093745
1570703812974,60.822052001953125,20.996967773437497
1570703843062,60.822052001953125,21.018417968749993
1570703873144,60.776275634765625,21.050593261718753
1570703903232,60.776275634765625,21.018417968749993
1570703933314,60.753387451171875,21.02914306640624
1570703963402,60.799163818359375,21.018417968749993
1570703993474,60.753387451171875,21.061318359375
1570704023562,60.761016845703125,21.050593261718753
1570704053650,60.745758056640625,21.082768554687497
1570704083742,60.684722900390625,21.061318359375
1570704113804,60.738128662109375,21.07204345703125
1570704143873,60.745758056640625,21.07204345703125
1570704173961,60.753387451171875,21.093493652343746
1570704204049,60.684722900390625,21.093493652343746
1570704234134,60.669464111328125,21.104218749999994
1570704264222,60.768646240234375,21.104218749999994
1570704294309,60.791534423828125,21.114943847656242
1570704324394,60.753387451171875,21.093493652343746
1570704354464,60.730499267578125,21.114943847656242
1570704384551,60.753387451171875,21.125668945312505
1570704414640,60.791534423828125,21.114943847656242
1570704444729,60.768646240234375,21.114943847656242
1570704474794,60.730499267578125,21.136394042968753
1570704504875,60.738128662109375,21.136394042968753
1570704534984,60.722869873046875,21.15784423828125
1570704565064,60.806793212890625,21.15784423828125
1570704595124,60.905975341796875,21.168569335937498
1570704625194,60.844940185546875,21.168569335937498
1570704655282,60.799163818359375,21.147119140625
1570704685370,60.814422607421875,21.147119140625
1570704715454,60.829681396484375,21.168569335937498
1570704745541,60.844940185546875,21.168569335937498
1570704775630,60.844940185546875,21.168569335937498
1570704805719,60.875457763671875,21.168569335937498
1570704835784,60.814422607421875,21.190019531249995
1570704865854,60.829681396484375,21.179294433593746
1570704895913,60.791534423828125,21.21146972656249
1570704925985,60.783905029296875,21.21146972656249
1570704956064,60.852569580078125,21.21146972656249
1570704986144,60.883087158203125,21.190019531249995
1570705016204,60.822052001953125,21.200744628906243
1570705046291,60.898345947265625,21.21146972656249
1570705076380,60.883087158203125,21.232919921875002
1570705106464,60.890716552734375,21.21146972656249
1570705136551,60.928863525390625,21.24364501953125
1570705166640,60.944122314453125,21.222194824218754
1570705196729,60.951751708984375,21.232919921875002
1570705226804,60.936492919921875,21.24364501953125
1570705256873,60.951751708984375,21.24364501953125
1570705286962,60.913604736328125,21.265095214843747
1570705317050,60.905975341796875,21.265095214843747
1570705347134,60.921234130859375,21.265095214843747
1570705377223,60.852569580078125,21.2543701171875
1570705407294,60.829681396484375,21.286545410156243
1570705437382,60.867828369140625,21.286545410156243
1570705467464,60.936492919921875,21.29727050781249
1570705497551,60.974639892578125,21.286545410156243
1570705527640,61.012786865234375,21.286545410156243
1570705557729,60.936492919921875,21.29727050781249
1570705587794,60.959381103515625,21.29727050781249
1570705617874,60.974639892578125,21.29727050781249
1570705647934,60.982269287109375,21.286545410156243
1570705678022,60.997528076171875,21.29727050781249
1570705708101,60.989898681640625,21.318720703125003
1570705738189,61.005157470703125,21.307995605468754
1570705768277,60.951751708984375,21.32944580078125
1570705798366,60.959381103515625,21.318720703125003
1570705828454,60.974639892578125,21.318720703125003
1570705858534,60.989898681640625,21.307995605468754
1570705888623,61.012786865234375,21.350895996093747
1570705918712,61.028045654296875,21.318720703125003
1570705948784,61.020416259765625,21.32944580078125
1570705978854,61.005157470703125,21.350895996093747
1570706008914,60.974639892578125,21.32944580078125
1570706039002,60.989898681640625,21.350895996093747
1570706069064,60.928863525390625,21.361621093749996
1570706099143,60.928863525390625,21.361621093749996
1570706129224,60.944122314453125,21.372346191406244
1570706159312,60.898345947265625,21.372346191406244
1570706189374,60.913604736328125,21.383071289062492
1570706219462,60.905975341796875,21.404521484375003
1570706249549,60.921234130859375,21.404521484375003
1570706279638,60.890716552734375,21.393796386718755
1570706309727,60.898345947265625,21.393796386718755
1570706339804,60.951751708984375,21.404521484375003
1570706369876,60.989898681640625,21.383071289062492
1570706399964,60.959381103515625,21.393796386718755
1570706430052,60.967010498046875,21.404521484375003
1570706460134,61.005157470703125,21.41524658203125
1570706490222,61.012786865234375,21.41524658203125
1570706520311,61.028045654296875,21.4259716796875
1570706550400,61.005157470703125,21.404521484375003
1570706580464,61.005157470703125,21.41524658203125
1570706610552,61.081451416015625,21.41524658203125
1570706640641,61.066192626953125,21.404521484375003
1570706670729,61.050933837890625,21.447421874999996
1570706700794,61.012786865234375,21.4259716796875
1570706730876,61.005157470703125,21.447421874999996
1570706760965,60.989898681640625,21.436696777343748
1570706791053,60.974639892578125,21.447421874999996
1570706821124,60.967010498046875,21.447421874999996
1570706851212,60.974639892578125,21.468872070312493
1570706881301,60.982269287109375,21.447421874999996
1570706911374,60.959381103515625,21.458146972656245
1570706941454,60.974639892578125,21.458146972656245
1570706971542,60.967010498046875,21.458146972656245
1570707001614,61.020416259765625,21.458146972656245
1570707031703,61.005157470703125,21.47959716796874
1570707061784,60.997528076171875,21.468872070312493
1570707091872,60.982269287109375,21.468872070312493
1570707121961,60.997528076171875,21.468872070312493
1570707152049,60.997528076171875,21.468872070312493
1570707182114,60.989898681640625,21.490322265625004
1570707212202,61.028045654296875,21.468872070312493
1570707242291,61.028045654296875,21.490322265625004
1570707272379,61.043304443359375,21.47959716796874
1570707302467,61.043304443359375,21.47959716796874
1570707332555,61.035675048828125,21.468872070312493
1570707362643,61.058563232421875,21.501047363281252
1570707392731,61.020416259765625,21.501047363281252
1570707422814,61.005157470703125,21.501047363281252
1570707452874,60.989898681640625,21.501047363281252
1570707482963,61.005157470703125,21.47959716796874
1570707513051,60.989898681640625,21.501047363281252
1570707543140,61.028045654296875,21.501047363281252
1570707573228,60.997528076171875,21.533222656249997
1570707603314,60.989898681640625,21.501047363281252
1570707633402,60.974639892578125,21.5117724609375
1570707663491,60.967010498046875,21.5117724609375
1570707693564,60.982269287109375,21.52249755859375
1570707723652,60.967010498046875,21.533222656249997
1570707753734,60.944122314453125,21.543947753906245
1570707783814,60.974639892578125,21.52249755859375
1570707813876,60.997528076171875,21.501047363281252
1570707843965,61.005157470703125,21.533222656249997
1570707874054,60.997528076171875,21.52249755859375
1570707904143,61.005157470703125,21.533222656249997
1570707934231,60.982269287109375,21.533222656249997
1570707964314,60.982269287109375,21.5117724609375
1570707994394,61.005157470703125,21.533222656249997
1570708024481,61.005157470703125,21.543947753906245
1570708054564,61.005157470703125,21.543947753906245
1570708084652,61.005157470703125,21.533222656249997
1570708114724,60.997528076171875,21.533222656249997
1570708144812,60.997528076171875,21.533222656249997
1570708174875,60.982269287109375,21.554672851562493
1570708204963,60.997528076171875,21.533222656249997
1570708235051,61.005157470703125,21.533222656249997
1570708265134,61.005157470703125,21.533222656249997
1570708295222,60.982269287109375,21.533222656249997
1570708325311,60.967010498046875,21.543947753906245
1570708355384,60.967010498046875,21.554672851562493
1570708385444,60.944122314453125,21.576123046875004
1570708415532,60.951751708984375,21.576123046875004
1570708445621,60.959381103515625,21.56539794921874
1570708475710,60.936492919921875,21.554672851562493
1570708505813,60.959381103515625,21.52249755859375
1570708535894,60.982269287109375,21.56539794921874
1570708565982,61.012786865234375,21.576123046875004
1570708596044,60.997528076171875,21.56539794921874
1570708626132,60.974639892578125,21.56539794921874
1570708656203,60.989898681640625,21.576123046875004
1570708686263,60.997528076171875,21.56539794921874
1570708716351,61.005157470703125,21.5975732421875
1570708746439,60.989898681640625,21.554672851562493
1570708776527,60.982269287109375,21.576123046875004
1570708806616,61.020416259765625,21.586848144531253
1570708836703,60.997528076171875,21.576123046875004
1570708866791,61.012786865234375,21.586848144531253
1570708896876,61.005157470703125,21.5975732421875
1570708926964,61.012786865234375,21.60829833984375
1570708957034,60.989898681640625,21.60829833984375
1570708987100,60.944122314453125,21.5975732421875
1570709017188,60.936492919921875,21.60829833984375
1570709047275,60.905975341796875,21.619023437499997
1570709077363,60.913604736328125,21.60829833984375
1570709107451,60.921234130859375,21.629748535156246
1570709137539,60.913604736328125,21.629748535156246
1570709167627,60.890716552734375,21.640473632812494
1570709197694,60.890716552734375,21.629748535156246
1570709227781,60.905975341796875,21.651198730468742
1570709257870,60.898345947265625,21.640473632812494
1570709287933,60.890716552734375,21.651198730468742
1570709318021,60.890716552734375,21.661923828125005
1570709348100,60.883087158203125,21.661923828125005
1570709378188,60.875457763671875,21.651198730468742
1570709408277,60.890716552734375,21.651198730468742
1570709438366,60.898345947265625,21.651198730468742
1570709468454,60.898345947265625,21.672648925781253
1570709498542,60.936492919921875,21.640473632812494
1570709528631,60.936492919921875,21.672648925781253
1570709558719,60.959381103515625,21.661923828125005
1570709588807,60.936492919921875,21.661923828125005
1570709618877,60.928863525390625,21.6833740234375
1570709648965,60.974639892578125,21.672648925781253
1570709679053,60.997528076171875,21.6833740234375
1570709709134,60.967010498046875,21.6833740234375
1570709739222,60.913604736328125,21.6833740234375
1570709769309,60.928863525390625,21.672648925781253
1570709799399,60.928863525390625,21.69409912109375
1570709829487,60.944122314453125,21.6833740234375
1570709859564,60.982269287109375,21.704824218749998
1570709889644,60.997528076171875,21.6833740234375
1570709919730,61.005157470703125,21.69409912109375
1570709949814,60.982269287109375,21.704824218749998
1570709979877,60.967010498046875,21.69409912109375
1570710009965,60.974639892578125,21.6833740234375
1570710040054,60.997528076171875,21.6833740234375
1570710070134,60.989898681640625,21.69409912109375
1570710100222,60.982269287109375,21.704824218749998
1570710130304,60.982269287109375,21.69409912109375
1570710160384,60.982269287109375,21.704824218749998
1570710190472,60.989898681640625,21.715549316406246
1570710220559,60.936492919921875,21.726274414062495
1570710250634,60.944122314453125,21.736999511718743
1570710280722,60.944122314453125,21.715549316406246
1570710310809,60.921234130859375,21.736999511718743
1570710340894,60.944122314453125,21.74772460937499
1570710370964,60.913604736328125,21.736999511718743
1570710401051,60.936492919921875,21.726274414062495
1570710431134,60.921234130859375,21.736999511718743
1570710461222,60.913604736328125,21.74772460937499
1570710491294,60.913604736328125,21.74772460937499
1570710521374,60.905975341796875,21.77989990234375
1570710551461,60.913604736328125,21.736999511718743
1570710581549,60.875457763671875,21.758449707031254
1570710611637,60.890716552734375,21.758449707031254
1570710641726,60.921234130859375,21.74772460937499
1570710671814,60.921234130859375,21.74772460937499
1570710701876,60.936492919921875,21.77989990234375
1570710731944,60.944122314453125,21.769174804687502
1570710762032,60.967010498046875,21.77989990234375
1570710792101,60.982269287109375,21.77989990234375
1570710822184,60.959381103515625,21.77989990234375
1570710852271,60.936492919921875,21.769174804687502
1570710882358,60.921234130859375,21.801350097656247
1570710912444,60.959381103515625,21.769174804687502
1570710942532,60.959381103515625,21.790625
1570710972614,60.982269287109375,21.790625
1570711002701,60.921234130859375,21.769174804687502
1570711032790,60.913604736328125,21.77989990234375
1570711062878,60.936492919921875,21.790625
1570711092945,60.944122314453125,21.77989990234375
1570711123033,60.944122314453125,21.77989990234375
1570711153114,60.944122314453125,21.790625
1570711183202,60.928863525390625,21.812075195312495
1570711213274,60.936492919921875,21.801350097656247
1570711243362,60.944122314453125,21.801350097656247
1570711273450,60.959381103515625,21.77989990234375
1570711303539,60.951751708984375,21.790625
1570711333604,60.989898681640625,21.769174804687502
1570711363692,61.012786865234375,21.801350097656247
1570711393754,61.005157470703125,21.77989990234375
1570711423814,61.028045654296875,21.790625
1570711453902,60.989898681640625,21.812075195312495
1570711483988,60.989898681640625,21.801350097656247
1570711514064,60.989898681640625,21.812075195312495
1570711544134,61.005157470703125,21.801350097656247
1570711574222,61.012786865234375,21.822800292968743
1570711604294,60.997528076171875,21.822800292968743
1570711634382,60.982269287109375,21.822800292968743
1570711664469,60.967010498046875,21.822800292968743
1570711694558,60.959381103515625,21.844250488281254
1570711724624,60.944122314453125,21.854975585937503
1570711754713,60.936492919921875,21.86570068359375
1570711784801,60.944122314453125,21.854975585937503
1570711814887,60.951751708984375,21.844250488281254
1570711844954,60.898345947265625,21.854975585937503
1570711875042,60.913604736328125,21.86570068359375
1570711905130,60.898345947265625,21.87642578125
1570711935219,60.883087158203125,21.887150878906247
1570711965284,60.860198974609375,21.844250488281254
1570711995373,60.852569580078125,21.854975585937503
1570712025461,60.860198974609375,21.87642578125
1570712055548,60.860198974609375,21.87642578125
1570712085614,60.829681396484375,21.854975585937503
1570712115702,60.875457763671875,21.854975585937503
1570712145790,60.890716552734375,21.854975585937503
1570712175878,60.875457763671875,21.86570068359375
1570712205944,60.883087158203125,21.87642578125
1570712236031,60.928863525390625,21.854975585937503
1570712266094,60.951751708984375,21.844250488281254
1570712296182,60.936492919921875,21.86570068359375
1570712326269,60.982269287109375,21.844250488281254
1570712356358,60.982269287109375,21.86570068359375
1570712386447,60.997528076171875,21.854975585937503
1570712416536,60.982269287109375,21.844250488281254
1570712446604,60.967010498046875,21.87642578125
1570712476692,60.967010498046875,21.87642578125
1570712506779,60.936492919921875,21.86570068359375
1570712536869,60.944122314453125,21.86570068359375
1570712566934,60.936492919921875,21.854975585937503
1570712597022,60.936492919921875,21.854975585937503
1570712627109,60.959381103515625,21.86570068359375
1570712657197,60.959381103515625,21.854975585937503
1570712687264,60.982269287109375,21.844250488281254
1570712717349,61.020416259765625,21.844250488281254
1570712747436,60.989898681640625,21.854975585937503
1570712777525,61.005157470703125,21.844250488281254
1570712807594,60.997528076171875,21.844250488281254
1570712837681,61.035675048828125,21.844250488281254
1570712867754,61.005157470703125,21.844250488281254
1570712897842,60.997528076171875,21.86570068359375
1570712927914,61.005157470703125,21.83352539062499
1570712958003,61.005157470703125,21.87642578125
1570712988064,60.989898681640625,21.87642578125
1570713018153,60.982269287109375,21.87642578125
1570713048242,60.989898681640625,21.887150878906247
1570713078313,61.005157470703125,21.854975585937503
1570713108401,61.020416259765625,21.86570068359375
1570713138489,61.005157470703125,21.86570068359375
1570713168574,61.035675048828125,21.844250488281254
1570713198662,61.043304443359375,21.87642578125
1570713228750,61.058563232421875,21.844250488281254
1570713258928,61.096710205078125,21.854975585937503
1570713289017,61.089080810546875,21.854975585937503
1570713319104,61.104339599609375,21.844250488281254
1570713349183,61.104339599609375,21.854975585937503
1570713379271,61.111968994140625,21.844250488281254
1570713409366,61.142486572265625,21.83352539062499
1570713439453,61.127227783203125,21.83352539062499
1570713469513,61.119598388671875,21.83352539062499
1570713499601,61.127227783203125,21.854975585937503
1570713529683,61.150115966796875,21.83352539062499
1570713559770,61.165374755859375,21.822800292968743
1570713589843,61.157745361328125,21.854975585937503
1570713619913,61.165374755859375,21.844250488281254
1570713650000,61.173004150390625,21.83352539062499
1570713680063,61.173004150390625,21.83352539062499
1570713710150,61.150115966796875,21.844250488281254
1570713740238,61.165374755859375,21.854975585937503
1570713770313,61.173004150390625,21.844250488281254
1570713800401,61.173004150390625,21.844250488281254
1570713830489,61.173004150390625,21.844250488281254
1570713860563,61.157745361328125,21.86570068359375
1570713890651,61.104339599609375,21.854975585937503
1570713920739,61.127227783203125,21.86570068359375
1570713950813,61.134857177734375,21.844250488281254
1570713980875,61.127227783203125,21.86570068359375
1570714010963,61.127227783203125,21.87642578125
1570714041050,61.111968994140625,21.86570068359375
1570714071138,61.119598388671875,21.86570068359375
1570714101227,61.111968994140625,21.87642578125
1570714131313,61.111968994140625,21.86570068359375
1570714161373,61.111968994140625,21.87642578125
1570714191453,61.081451416015625,21.897875976562496
1570714221523,61.050933837890625,21.86570068359375
1570714251610,61.096710205078125,21.87642578125
1570714281698,61.073822021484375,21.887150878906247
1570714311786,61.081451416015625,21.854975585937503
1570714341853,61.111968994140625,21.844250488281254
1570714371913,61.111968994140625,21.854975585937503
1570714402001,61.127227783203125,21.86570068359375
1570714432063,61.111968994140625,21.86570068359375
1570714462151,61.073822021484375,21.87642578125
1570714492213,61.081451416015625,21.87642578125
1570714522300,61.058563232421875,21.887150878906247
1570714552388,61.066192626953125,21.854975585937503
1570714582476,61.073822021484375,21.87642578125
1570714612543,61.073822021484375,21.86570068359375
1570714642613,61.081451416015625,21.844250488281254
1570714672701,61.066192626953125,21.844250488281254
1570714702789,61.081451416015625,21.844250488281254
1570714732873,61.081451416015625,21.844250488281254
1570714762961,61.073822021484375,21.87642578125
1570714793049,61.066192626953125,21.854975585937503
1570714823147,61.073822021484375,21.87642578125
1570714853236,61.081451416015625,21.854975585937503
1570714883313,61.081451416015625,21.854975585937503
1570714913400,61.073822021484375,21.86570068359375
1570714943489,61.089080810546875,21.86570068359375
1570714973563,61.081451416015625,21.844250488281254
1570715003651,61.089080810546875,21.844250488281254
1570715033739,61.089080810546875,21.87642578125
1570715063813,61.089080810546875,21.87642578125
1570715093885,61.104339599609375,21.87642578125
1570715123973,61.081451416015625,21.87642578125
1570715154061,61.050933837890625,21.87642578125
1570715184149,61.035675048828125,21.87642578125
1570715214236,61.050933837890625,21.854975585937503
1570715244314,61.050933837890625,21.854975585937503
1570715274402,61.058563232421875,21.897875976562496
1570715304490,61.035675048828125,21.87642578125
1570715334563,61.028045654296875,21.87642578125
1570715364651,61.035675048828125,21.908601074218744
1570715394733,61.020416259765625,21.86570068359375
1570715424813,61.020416259765625,21.87642578125
1570715454879,60.997528076171875,21.897875976562496
1570715484954,60.989898681640625,21.908601074218744
1570715515042,60.982269287109375,21.87642578125
1570715545130,60.967010498046875,21.897875976562496
1570715575217,60.951751708984375,21.887150878906247
1570715605303,60.944122314453125,21.887150878906247
1570715635390,60.921234130859375,21.87642578125
1570715665478,60.928863525390625,21.87642578125
1570715695563,60.928863525390625,21.908601074218744
1570715725651,60.951751708984375,21.887150878906247
1570715755723,60.974639892578125,21.887150878906247
1570715785790,60.997528076171875,21.887150878906247
1570715815878,60.982269287109375,21.87642578125
1570715845953,60.989898681640625,21.897875976562496
1570715876040,60.989898681640625,21.897875976562496
1570715906123,60.997528076171875,21.87642578125
1570715936211,60.989898681640625,21.908601074218744
1570715966299,60.974639892578125,21.87642578125
1570715996387,60.959381103515625,21.919326171874992
1570716026473,60.928863525390625,21.919326171874992
1570716056561,60.944122314453125,21.919326171874992
1570716086649,60.936492919921875,21.887150878906247
1570716116737,60.951751708984375,21.919326171874992
1570716146803,60.944122314453125,21.897875976562496
1570716176884,60.936492919921875,21.919326171874992
1570716206973,60.928863525390625,21.908601074218744
1570716237060,60.944122314453125,21.897875976562496
1570716267133,60.951751708984375,21.887150878906247
1570716297221,60.974639892578125,21.908601074218744
1570716327309,60.951751708984375,21.930051269531255
1570716357397,60.951751708984375,21.908601074218744
1570716387463,60.974639892578125,21.908601074218744
1570716417550,60.989898681640625,21.887150878906247
1570716447649,61.012786865234375,21.897875976562496
1570716477736,61.005157470703125,21.908601074218744
1570716507825,61.020416259765625,21.919326171874992
1570716537893,61.005157470703125,21.919326171874992
1570716567980,61.012786865234375,21.919326171874992
1570716598063,61.012786865234375,21.930051269531255
1570716628124,61.005157470703125,21.897875976562496
1570716658212,61.012786865234375,21.919326171874992
1570716688299,60.997528076171875,21.908601074218744
1570716718387,61.005157470703125,21.897875976562496
1570716748453,60.989898681640625,21.919326171874992
1570716778540,60.989898681640625,21.908601074218744
1570716808628,60.989898681640625,21.919326171874992
1570716838693,60.997528076171875,21.897875976562496
1570716868781,61.012786865234375,21.919326171874992
1570716898869,61.012786865234375,21.930051269531255
1570716928944,61.035675048828125,21.897875976562496
1570716959031,61.020416259765625,21.897875976562496
1570716989113,61.020416259765625,21.897875976562496
1570717019183,61.020416259765625,21.908601074218744
1570717049270,61.012786865234375,21.897875976562496
1570717079348,61.012786865234375,21.87642578125
1570717109437,61.005157470703125,21.897875976562496
1570717139505,61.020416259765625,21.908601074218744
1570717169563,61.028045654296875,21.887150878906247
1570717199651,61.028045654296875,21.897875976562496
1570717229739,61.043304443359375,21.887150878906247
1570717259803,61.028045654296875,21.919326171874992
1570717289888,61.028045654296875,21.887150878906247
1570717319975,61.035675048828125,21.908601074218744
1570717350063,61.035675048828125,21.919326171874992
1570717380133,61.020416259765625,21.908601074218744
1570717410220,61.012786865234375,21.919326171874992
1570717440307,61.005157470703125,21.887150878906247
1570717470395,60.989898681640625,21.919326171874992
1570717500463,60.974639892578125,21.908601074218744
1570717530550,60.982269287109375,21.919326171874992
1570717560638,60.974639892578125,21.919326171874992
1570717590726,60.982269287109375,21.919326171874992
1570717620793,60.974639892578125,21.919326171874992
1570717650880,60.936492919921875,21.919326171874992
1570717680963,60.936492919921875,21.919326171874992
1570717711050,60.936492919921875,21.930051269531255
1570717741123,60.959381103515625,21.930051269531255
1570717771210,60.936492919921875,21.940776367187503
1570717801293,60.944122314453125,21.919326171874992
1570717831380,60.967010498046875,21.940776367187503
1570717861453,60.959381103515625,21.95150146484375
1570717891540,60.967010498046875,21.930051269531255
1570717921628,60.974639892578125,21.930051269531255
1570717951715,60.951751708984375,21.919326171874992
1570717981783,60.928863525390625,21.9622265625
1570718011870,60.898345947265625,21.95150146484375
1570718041943,60.936492919921875,21.972951660156248
1570718072030,60.898345947265625,21.972951660156248
1570718102093,60.913604736328125,21.972951660156248
1570718132180,60.913604736328125,21.9622265625
1570718162268,60.890716552734375,21.972951660156248
1570718192333,60.875457763671875,21.983676757812496
1570718222407,60.883087158203125,21.9622265625
1570718252473,60.898345947265625,21.972951660156248
1570718282553,60.921234130859375,21.95150146484375
1570718312641,60.936492919921875,21.940776367187503
1570718342723,60.959381103515625,21.95150146484375
1570718372803,60.974639892578125,21.940776367187503
1570718402890,60.974639892578125,21.940776367187503
1570718432978,60.959381103515625,21.972951660156248
1570718463063,60.936492919921875,21.972951660156248
1570718493133,60.921234130859375,21.983676757812496
1570718523196,60.905975341796875,21.972951660156248
1570718553285,60.936492919921875,21.972951660156248
1570718583364,60.913604736328125,21.972951660156248
1570718613452,60.913604736328125,21.9622265625
1570718643528,60.913604736328125,21.983676757812496
1570718673615,60.921234130859375,21.95150146484375
1570718703702,60.928863525390625,21.9622265625
1570718733789,60.951751708984375,21.95150146484375
1570718763877,60.982269287109375,21.95150146484375
1570718793963,60.959381103515625,21.95150146484375
1570718824023,60.951751708984375,21.95150146484375
1570718854103,60.944122314453125,21.972951660156248
1570718884165,60.974639892578125,21.9622265625
1570718914233,60.959381103515625,21.95150146484375
1570718944313,60.974639892578125,21.940776367187503
1570718974400,61.012786865234375,21.930051269531255
1570719004483,61.012786865234375,21.95150146484375
1570719034564,61.028045654296875,21.940776367187503
1570719064665,61.005157470703125,21.940776367187503
1570719094738,61.012786865234375,21.972951660156248
1570719124813,61.028045654296875,21.940776367187503
1570719154884,61.028045654296875,21.9622265625
1570719184953,61.066192626953125,21.930051269531255
1570719215040,61.066192626953125,21.95150146484375
1570719245128,61.096710205078125,21.940776367187503
1570719275205,61.127227783203125,21.940776367187503
1570719305294,61.127227783203125,21.9622265625
1570719335382,61.119598388671875,21.95150146484375
1570719365453,61.104339599609375,21.972951660156248
1570719395540,61.119598388671875,21.9622265625
1570719425628,61.150115966796875,21.9622265625
1570719455716,61.188262939453125,21.940776367187503
1570719485802,61.226409912109375,21.940776367187503
1570719515889,61.203521728515625,21.940776367187503
1570719545977,61.234039306640625,21.919326171874992
1570719576063,61.249298095703125,21.95150146484375
1570719606133,61.249298095703125,21.9622265625
1570719636220,61.272186279296875,21.95150146484375
1570719666308,61.272186279296875,21.972951660156248
1570719696396,61.287445068359375,21.95150146484375
1570719726463,61.317962646484375,21.95150146484375
1570719756551,61.325592041015625,21.940776367187503
1570719786640,61.333221435546875,21.972951660156248
1570719816727,61.310333251953125,21.95150146484375
1570719846793,61.325592041015625,21.940776367187503
1570719876863,61.333221435546875,21.95150146484375
1570719906950,61.310333251953125,21.972951660156248
1570719937038,61.302703857421875,21.9622265625
1570719967126,61.287445068359375,21.994401855468745
1570719997212,61.287445068359375,21.983676757812496
1570720027299,61.302703857421875,21.95150146484375
1570720057387,61.317962646484375,22.005126953124993
1570720087463,61.295074462890625,21.983676757812496
1570720117550,61.325592041015625,21.972951660156248
1570720147617,61.310333251953125,21.983676757812496
1570720177693,61.325592041015625,21.972951660156248
1570720207760,61.325592041015625,21.95150146484375
1570720237824,61.356109619140625,21.983676757812496
1570720267912,61.333221435546875,21.972951660156248
1570720297988,61.340850830078125,21.9622265625
1570720328064,61.333221435546875,21.983676757812496
1570720358153,61.333221435546875,21.95150146484375
1570720388240,61.363739013671875,21.9622265625
1570720418313,61.363739013671875,21.983676757812496
1570720448400,61.363739013671875,21.95150146484375
1570720478483,61.363739013671875,21.95150146484375
1570720508563,61.394256591796875,21.930051269531255
1570720538650,61.417144775390625,21.95150146484375
1570720568733,61.432403564453125,21.930051269531255
1570720598813,61.409515380859375,21.940776367187503
1570720628900,61.417144775390625,21.95150146484375
1570720658988,61.409515380859375,21.940776367187503
1570720689063,61.409515380859375,21.972951660156248
1570720719123,61.409515380859375,21.95150146484375
1570720749203,61.417144775390625,21.983676757812496
1570720779290,61.409515380859375,21.972951660156248
1570720809379,61.371368408203125,21.95150146484375
1570720839467,61.378997802734375,21.940776367187503
1570720869554,61.356109619140625,21.95150146484375
1570720899642,61.363739013671875,21.95150146484375
1570720929729,61.394256591796875,21.940776367187503
1570720959803,61.394256591796875,21.95150146484375
1570720989890,61.394256591796875,21.972951660156248
1570721019978,61.394256591796875,21.95150146484375
1570721050063,61.394256591796875,21.95150146484375
1570721080133,61.401885986328125,21.940776367187503
1570721110220,61.417144775390625,21.930051269531255
1570721140293,61.394256591796875,21.95150146484375
1570721170380,61.417144775390625,21.940776367187503
1570721200463,61.409515380859375,21.9622265625
1570721230550,61.432403564453125,21.940776367187503
1570721260638,61.409515380859375,21.940776367187503
1570721290726,61.401885986328125,21.940776367187503
1570721320793,61.386627197265625,21.940776367187503
1570721350881,61.424774169921875,21.95150146484375
1570721380954,61.432403564453125,21.9622265625
1570721411033,61.417144775390625,21.9622265625
1570721441122,61.424774169921875,21.930051269531255
1570721471210,61.447662353515625,21.95150146484375
1570721501299,61.447662353515625,21.95150146484375
1570721531386,61.447662353515625,21.95150146484375
1570721561454,61.447662353515625,21.940776367187503
1570721591542,61.447662353515625,21.95150146484375
1570721621630,61.417144775390625,21.95150146484375
1570721651718,61.417144775390625,21.95150146484375
1570721681803,61.409515380859375,21.95150146484375
1570721711883,61.424774169921875,21.9622265625
1570721741970,61.363739013671875,21.95150146484375
1570721772058,61.363739013671875,21.95150146484375
1570721802147,61.378997802734375,21.9622265625
1570721832234,61.378997802734375,21.9622265625
1570721862313,61.394256591796875,21.9622265625
1570721892400,61.386627197265625,21.9622265625
1570721922487,61.409515380859375,21.95150146484375
1570721952563,61.394256591796875,21.95150146484375
1570721982650,61.371368408203125,21.95150146484375
1570722012723,61.371368408203125,21.9622265625
1570722042810,61.363739013671875,21.972951660156248
1570722072888,61.371368408203125,21.9622265625
1570722102975,61.371368408203125,21.9622265625
1570722133063,61.394256591796875,21.972951660156248
1570722163133,61.394256591796875,21.940776367187503
1570722193203,61.378997802734375,21.983676757812496
1570722223290,61.378997802734375,21.95150146484375
1570722253378,61.363739013671875,21.9622265625
1570722283466,61.371368408203125,21.972951660156248
1570722313553,61.378997802734375,21.95150146484375
1570722343640,61.363739013671875,21.972951660156248
1570722373727,61.401885986328125,21.95150146484375
1570722403813,61.394256591796875,21.95150146484375
1570722433900,61.417144775390625,21.95150146484375
1570722463985,61.417144775390625,21.940776367187503
1570722494063,61.432403564453125,21.95150146484375
1570722524150,61.432403564453125,21.95150146484375
1570722554238,61.417144775390625,21.95150146484375
1570722584313,61.417144775390625,21.9622265625
1570722614393,61.447662353515625,21.95150146484375
1570722644480,61.447662353515625,21.940776367187503
1570722674564,61.447662353515625,21.972951660156248
1570722704645,61.432403564453125,21.95150146484375
1570722734723,61.417144775390625,21.95150146484375
1570722764810,61.417144775390625,21.9622265625
1570722794885,61.424774169921875,21.930051269531255
1570722824973,61.409515380859375,21.9622265625
1570722855053,61.417144775390625,21.9622265625
1570722885141,61.424774169921875,21.940776367187503
1570722915229,61.424774169921875,21.940776367187503
1570722945314,61.447662353515625,21.940776367187503
1570722975383,61.440032958984375,21.95150146484375
1570723005453,61.455291748046875,21.930051269531255
1570723035540,61.470550537109375,21.919326171874992
1570723065629,61.462921142578125,21.95150146484375
1570723095713,61.470550537109375,21.940776367187503
1570723125773,61.478179931640625,21.930051269531255
1570723155860,61.462921142578125,21.919326171874992
1570723185948,61.470550537109375,21.940776367187503
1570723216013,61.493438720703125,21.930051269531255
1570723246073,61.516326904296875,21.930051269531255
1570723276160,61.493438720703125,21.940776367187503
1570723306248,61.508697509765625,21.95150146484375
1570723336323,61.501068115234375,21.95150146484375
1570723366403,61.516326904296875,21.940776367187503
1570723396473,61.485809326171875,21.95150146484375
1570723426561,61.501068115234375,21.940776367187503
1570723456643,61.523956298828125,21.940776367187503
1570723486730,61.554473876953125,21.940776367187503
1570723516813,61.554473876953125,21.940776367187503
1570723546873,61.554473876953125,21.95150146484375
1570723576953,61.554473876953125,21.95150146484375
1570723607040,61.562103271484375,21.95150146484375
1570723637128,61.539215087890625,21.940776367187503
1570723667216,61.531585693359375,21.95150146484375
1570723697303,61.523956298828125,21.95150146484375
1570723727390,61.516326904296875,21.95150146484375
1570723757478,61.485809326171875,21.95150146484375
1570723787563,61.508697509765625,21.95150146484375
1570723817650,61.523956298828125,21.9622265625
1570723847723,61.523956298828125,21.940776367187503
1570723877810,61.531585693359375,21.930051269531255
1570723907898,61.539215087890625,21.930051269531255
1570723937986,61.539215087890625,21.940776367187503
1570723968053,61.546844482421875,21.919326171874992
1570723998141,61.539215087890625,21.95150146484375
1570724028230,61.523956298828125,21.919326171874992
1570724058293,61.523956298828125,21.919326171874992
1570724088380,61.523956298828125,21.919326171874992
1570724118468,61.523956298828125,21.930051269531255
1570724148556,61.501068115234375,21.95150146484375
1570724178644,61.478179931640625,21.95150146484375
1570724208713,61.470550537109375,21.930051269531255
1570724238774,61.478179931640625,21.9622265625
1570724268862,61.493438720703125,21.95150146484375
1570724298951,61.501068115234375,21.95150146484375
1570724329039,61.478179931640625,21.95150146484375
1570724359127,61.455291748046875,21.95150146484375
1570724389216,61.470550537109375,21.95150146484375
1570724419304,61.462921142578125,21.95150146484375
1570724449374,61.478179931640625,21.919326171874992
1570724479462,61.470550537109375,21.95150146484375
1570724509550,61.462921142578125,21.919326171874992
1570724539675,61.470550537109375,21.940776367187503
1570724569764,61.462921142578125,21.940776367187503
1570724599852,61.447662353515625,21.930051269531255
1570724629933,61.440032958984375,21.95150146484375
1570724660003,61.432403564453125,21.919326171874992
1570724690064,61.440032958984375,21.940776367187503
1570724720153,61.432403564453125,21.919326171874992
1570724750241,61.455291748046875,21.919326171874992
1570724780313,61.440032958984375,21.919326171874992
1570724810400,61.447662353515625,21.930051269531255
1570724840488,61.432403564453125,21.95150146484375
1570724870573,61.424774169921875,21.930051269531255
1570724900653,61.409515380859375,21.930051269531255
1570724930713,61.417144775390625,21.919326171874992
1570724960800,61.401885986328125,21.9622265625
1570724990889,61.401885986328125,21.940776367187503
1570725020973,61.378997802734375,21.930051269531255
1570725051043,61.378997802734375,21.919326171874992
1570725081132,61.378997802734375,21.95150146484375
1570725111221,61.394256591796875,21.95150146484375
1570725141308,61.394256591796875,21.940776367187503
1570725171396,61.386627197265625,21.919326171874992
1570725201484,61.363739013671875,21.930051269531255
1570725231564,61.378997802734375,21.930051269531255
1570725261652,61.371368408203125,21.95150146484375
1570725291740,61.371368408203125,21.930051269531255
1570725321813,61.394256591796875,21.908601074218744
1570725351900,61.378997802734375,21.940776367187503
1570725381984,61.348480224609375,21.908601074218744
1570725412064,61.363739013671875,21.940776367187503
1570725442152,61.356109619140625,21.930051269531255
1570725472240,61.386627197265625,21.930051269531255
1570725502313,61.378997802734375,21.919326171874992
1570725532400,61.378997802734375,21.940776367187503
1570725562488,61.363739013671875,21.940776367187503
1570725592574,61.363739013671875,21.919326171874992
1570725622644,61.356109619140625,21.940776367187503
1570725652731,61.363739013671875,21.95150146484375
1570725682813,61.325592041015625,21.95150146484375
1570725712893,61.333221435546875,21.930051269531255
1570725742973,61.317962646484375,21.930051269531255
1570725773060,61.317962646484375,21.940776367187503
1570725803133,61.317962646484375,21.919326171874992
1570725833213,61.317962646484375,21.930051269531255
1570725863300,61.333221435546875,21.930051269531255
1570725893388,61.317962646484375,21.930051269531255
1570725923476,61.333221435546875,21.908601074218744
1570725953564,61.340850830078125,21.930051269531255
1570725983634,61.333221435546875,21.930051269531255
1570726013722,61.317962646484375,21.940776367187503
1570726043810,61.317962646484375,21.919326171874992
1570726073893,61.317962646484375,21.930051269531255
1570726103954,61.302703857421875,21.930051269531255
1570726134042,61.325592041015625,21.919326171874992
1570726164130,61.302703857421875,21.930051269531255
1570726194191,61.317962646484375,21.919326171874992
1570726224254,61.302703857421875,21.919326171874992
1570726254313,61.310333251953125,21.908601074218744
1570726284401,61.317962646484375,21.919326171874992
1570726314489,61.310333251953125,21.940776367187503
1570726344564,61.310333251953125,21.940776367187503
1570726374652,61.317962646484375,21.919326171874992
1570726404739,61.272186279296875,21.95150146484375
1570726434807,61.287445068359375,21.919326171874992
1570726464894,61.287445068359375,21.940776367187503
1570726494982,61.256927490234375,21.930051269531255
1570726525063,61.264556884765625,21.930051269531255
1570726555150,61.249298095703125,21.930051269531255
1570726585214,61.264556884765625,21.95150146484375
1570726615294,61.241668701171875,21.919326171874992
1570726645382,61.234039306640625,21.930051269531255
1570726675470,61.218780517578125,21.930051269531255
1570726705557,61.218780517578125,21.95150146484375
1570726735643,61.211151123046875,21.95150146484375
1570726765731,61.218780517578125,21.930051269531255
1570726795814,61.203521728515625,21.940776367187503
1570726825894,61.195892333984375,21.940776367187503
1570726855973,61.188262939453125,21.940776367187503
1570726886060,61.203521728515625,21.930051269531255
1570726916148,61.203521728515625,21.919326171874992
1570726946232,61.203521728515625,21.919326171874992
1570726976304,61.203521728515625,21.897875976562496
1570727006364,61.226409912109375,21.919326171874992
1570727036452,61.218780517578125,21.908601074218744
1570727066539,61.249298095703125,21.919326171874992
1570727096627,61.218780517578125,21.887150878906247
1570727126707,61.218780517578125,21.908601074218744
1570727156795,61.241668701171875,21.930051269531255
1570727186883,61.211151123046875,21.919326171874992
1570727216954,61.234039306640625,21.919326171874992
1570727247042,61.226409912109375,21.908601074218744
1570727277130,61.249298095703125,21.919326171874992
1570727307217,61.203521728515625,21.930051269531255
1570727337294,61.203521728515625,21.919326171874992
1570727367382,61.203521728515625,21.919326171874992
1570727397470,61.218780517578125,21.919326171874992
1570727427534,61.234039306640625,21.930051269531255
1570727457622,61.234039306640625,21.9622265625
1570727487710,61.264556884765625,21.9622265625
1570727517793,61.234039306640625,21.95150146484375
1570727547881,61.165374755859375,21.9622265625
1570727577944,61.096710205078125,22.01585205078124
1570727608032,61.081451416015625,22.026577148437504
1570727638094,61.066192626953125,22.026577148437504
1570727668182,61.081451416015625,22.05875244140625
1570727698269,61.127227783203125,22.05875244140625
1570727728334,61.157745361328125,22.04802734375
1570727758423,61.188262939453125,22.080202636718745
1570727788510,61.363739013671875,22.069477539062497
1570727818574,61.371368408203125,22.090927734374993
1570727848633,61.363739013671875,22.090927734374993
1570727878721,61.417144775390625,22.090927734374993
1570727908783,61.485809326171875,22.090927734374993
1570727938844,61.562103271484375,22.10165283203124
1570727968904,61.623138427734375,22.112377929687504
1570727998984,61.592620849609375,22.133828125
1570728029053,61.623138427734375,22.133828125
1570728059121,61.714691162109375,22.123103027343753
1570728089193,61.768096923828125,22.133828125
1570728119281,61.821502685546875,22.123103027343753
1570728149363,61.913055419921875,22.166003417968746
1570728179451,62.035125732421875,22.166003417968746
1570728209539,61.996978759765625,22.14455322265625
1570728239626,62.141937255859375,22.155278320312497
1570728269693,62.080902099609375,22.155278320312497
1570728299781,62.096160888671875,22.176728515624994
1570728329843,62.111419677734375,22.166003417968746
1570728359930,62.202972412109375,22.187453613281242
1570728390018,62.225860595703125,22.187453613281242
1570728420107,62.256378173828125,22.187453613281242
1570728450195,62.271636962890625,22.198178710937505
1570728480284,62.347930908203125,22.208903808593753
1570728510353,62.332672119140625,22.21962890625
1570728540413,62.454742431640625,22.208903808593753
1570728570493,62.515777587890625,22.21962890625
1570728600564,62.515777587890625,22.21962890625
1570728630652,62.553924560546875,22.198178710937505
1570728660713,62.576812744140625,22.198178710937505
1570728690801,62.683624267578125,22.241079101562498
1570728720889,62.683624267578125,22.23035400390625
1570728750976,62.721771240234375,22.241079101562498
1570728781043,62.805694580078125,22.241079101562498
1570728811130,62.759918212890625,22.21962890625
1570728841208,62.767547607421875,22.241079101562498
1570728871295,62.767547607421875,22.251804199218746
1570728901374,62.912506103515625,22.241079101562498
1570728931453,62.912506103515625,22.273254394531243
1570728961533,62.927764892578125,22.262529296874995
1570728991621,62.920135498046875,22.262529296874995
1570729021703,62.912506103515625,22.273254394531243
1570729051791,62.973541259765625,22.28397949218749
1570729081879,62.935394287109375,22.262529296874995
1570729111966,63.019317626953125,22.273254394531243
1570729142034,63.026947021484375,22.28397949218749
1570729172093,63.011688232421875,22.273254394531243
1570729202181,63.057464599609375,22.273254394531243
1570729232269,63.042205810546875,22.294704589843754
1570729262357,63.103240966796875,22.294704589843754
1570729292422,63.149017333984375,22.294704589843754
1570729322493,63.248199462890625,22.305429687500002
1570729352563,63.271087646484375,22.31615478515625
1570729382651,63.232940673828125,22.305429687500002
1570729412723,63.293975830078125,22.31615478515625
1570729442811,63.271087646484375,22.3268798828125
1570729472899,63.370269775390625,22.3268798828125
1570729502974,63.438934326171875,22.3268798828125
1570729533053,63.385528564453125,22.337604980468747
1570729563141,63.416046142578125,22.305429687500002
1570729593229,63.446563720703125,22.3268798828125
1570729623314,63.477081298828125,22.3268798828125
1570729653383,63.446563720703125,22.3268798828125
1570729683470,63.370269775390625,22.337604980468747
1570729713533,63.469451904296875,22.3268798828125
1570729743613,63.576263427734375,22.348330078124995
1570729773684,63.530487060546875,22.348330078124995
1570729803744,63.515228271484375,22.348330078124995
1570729833813,63.446563720703125,22.359055175781243
1570729863900,63.599151611328125,22.348330078124995
1570729893989,63.637298583984375,22.348330078124995
1570729924063,63.667816162109375,22.36978027343749
1570729954151,63.629669189453125,22.36978027343749
1570729984239,63.614410400390625,22.359055175781243
1570730014314,63.622039794921875,22.36978027343749
1570730044402,63.736480712890625,22.380505371093754
1570730074489,63.705963134765625,22.391230468750003
1570730104563,63.751739501953125,22.380505371093754
1570730134650,63.736480712890625,22.380505371093754
1570730164734,63.751739501953125,22.380505371093754
1570730194814,63.766998291015625,22.40195556640625
1570730224902,63.889068603515625,22.380505371093754
1570730254983,63.858551025390625,22.4126806640625
1570730285043,63.797515869140625,22.391230468750003
1570730315131,63.805145263671875,22.4126806640625
1570730345219,63.805145263671875,22.423405761718747
1570730375308,63.805145263671875,22.423405761718747
1570730405393,63.858551025390625,22.4126806640625
1570730435480,63.911956787109375,22.4126806640625
1570730465553,63.942474365234375,22.4126806640625
1570730495641,63.972991943359375,22.423405761718747
1570730525724,63.972991943359375,22.423405761718747
1570730555812,63.911956787109375,22.444855957031244
1570730585900,63.934844970703125,22.423405761718747
1570730615973,63.988250732421875,22.4126806640625
1570730646053,64.01113891601562,22.444855957031244
1570730676141,64.04928588867188,22.455581054687492
1570730706213,64.07980346679688,22.444855957031244
1570730736301,64.07980346679688,22.477031250000003
1570730766384,64.11032104492188,22.444855957031244
1570730796472,64.14083862304688,22.455581054687492
1570730826559,64.16372680664062,22.444855957031244
1570730856646,64.04928588867188,22.455581054687492
1570730886713,64.10269165039062,22.466306152343755
1570730916801,64.11032104492188,22.477031250000003
1570730946907,64.26290893554688,22.477031250000003
1570730976994,64.16372680664062,22.477031250000003
1570731007082,64.14083862304688,22.477031250000003
1570731037169,64.14846801757812,22.466306152343755
1570731067256,64.17135620117188,22.477031250000003
1570731097343,64.23239135742188,22.4984814453125
1570731127404,64.20187377929688,22.4984814453125
1570731157492,64.25527954101562,22.48775634765625
1570731187564,64.28579711914062,22.4984814453125
1570731217652,64.30868530273438,22.4984814453125
1570731247740,64.20950317382812,22.48775634765625
1570731277813,64.33157348632812,22.4984814453125
1570731307901,64.28579711914062,22.4984814453125
1570731337977,64.27816772460938,22.509206542968748
1570731368064,64.31631469726562,22.519931640624996
1570731398144,64.31631469726562,22.519931640624996
1570731428231,64.21713256835938,22.509206542968748
1570731458314,64.31631469726562,22.519931640624996
1570731488401,64.23239135742188,22.509206542968748
1570731518517,64.30868530273438,22.509206542968748
1570731548605,64.30868530273438,22.541381835937493
1570731578663,64.33157348632812,22.541381835937493
1570731608750,64.40023803710938,22.530656738281245
1570731638813,64.34683227539062,22.509206542968748
1570731668901,64.36972045898438,22.55210693359374
1570731698963,64.58334350585938,22.55210693359374
1570731729023,64.49179077148438,22.573557128906252
1570731759111,64.62911987304688,22.573557128906252
1570731789199,64.48416137695312,22.55210693359374
1570731819286,64.36972045898438,22.562832031250004
1570731849353,64.34683227539062,22.573557128906252
1570731879440,64.33920288085938,22.573557128906252
1570731909528,64.33157348632812,22.573557128906252
1570731939616,64.45364379882812,22.573557128906252
1570731969683,64.42312622070312,22.573557128906252
1570731999771,64.58334350585938,22.573557128906252
1570732029859,64.58334350585938,22.573557128906252
1570732059943,64.51467895507812,22.5842822265625
1570732090013,64.72067260742188,22.5842822265625
1570732120093,64.62911987304688,22.5842822265625
1570732150173,64.62149047851562,22.5842822265625
1570732180234,64.58334350585938,22.59500732421875
1570732210314,64.48416137695312,22.562832031250004
1570732240373,64.47653198242188,22.59500732421875
1570732270460,64.62149047851562,22.605732421874997
1570732300547,64.73593139648438,22.605732421874997
1570732330634,64.60623168945312,22.5842822265625
1570732360703,64.57571411132812,22.605732421874997
1570732390791,64.49942016601562,22.605732421874997
1570732420879,64.56045532226562,22.605732421874997
1570732450966,64.59860229492188,22.605732421874997
1570732481054,64.62911987304688,22.63790771484374
1570732511134,64.98770141601562,22.63790771484374
1570732541214,64.76644897460938,22.63790771484374
1570732571301,64.78170776367188,22.616457519531245
1570732601363,64.63674926757812,22.63790771484374
1570732631451,64.65200805664062,22.63790771484374
1570732661540,64.65200805664062,22.6700830078125
1570732691623,64.72830200195312,22.648632812500004
1570732721693,64.70541381835938,22.63790771484374
1570732751781,64.75119018554688,22.63790771484374
1570732781843,64.73593139648438,22.63790771484374
1570732811930,64.72067260742188,22.659357910156253
1570732842019,64.75119018554688,22.6700830078125
1570732872107,64.69778442382812,22.659357910156253
1570732902173,64.62911987304688,22.659357910156253
1570732932243,64.69778442382812,22.648632812500004
1570732962313,65.84982299804688,22.648632812500004
1570732992383,65.33865356445312,22.6700830078125
1570733022471,65.05636596679688,22.68080810546875
1570733052547,64.91140747070312,22.691533203124997
1570733082634,64.99533081054688,22.691533203124997
1570733112714,65.56753540039062,22.691533203124997
1570733142802,65.14791870117188,22.68080810546875
1570733172889,65.13265991210938,22.712983398437494
1570733202953,64.95718383789062,22.691533203124997
1570733233041,64.96481323242188,22.734433593750005
1570733263113,64.81985473632812,22.723708496093742
1570733293201,64.78170776367188,22.68080810546875
1570733323289,64.88088989257812,22.712983398437494
1570733353364,64.79696655273438,22.712983398437494
1570733383452,64.78933715820312,22.702258300781246
1570733413540,65.59805297851562,22.745158691406253
1570733443627,65.90322875976562,22.745158691406253
1570733473704,65.24710083007812,22.734433593750005
1570733503792,65.15554809570312,22.745158691406253
1570733533880,64.94192504882812,22.745158691406253
1570733563967,64.98007202148438,22.745158691406253
1570733594054,65.06399536132812,22.734433593750005
1570733624142,64.88088989257812,22.745158691406253
1570733654230,64.92666625976562,22.745158691406253
1570733684313,64.89614868164062,22.745158691406253
1570733714401,64.87326049804688,22.745158691406253
1570733744489,64.89614868164062,22.734433593750005
1570733774554,64.94955444335938,22.7558837890625
1570733804642,65.69723510742188,22.7558837890625
1570733834731,65.23947143554688,22.7558837890625
1570733864813,65.09451293945312,22.76660888671875
1570733894935,64.98007202148438,22.76660888671875
1570733925025,65.03347778320312,22.7558837890625
1570733955102,65.03347778320312,22.7558837890625
1570733985189,65.01821899414062,22.7558837890625
1570734015277,65.04110717773438,22.7558837890625
1570734045365,65.07162475585938,22.7558837890625
1570734075454,65.05636596679688,22.745158691406253
1570734105542,65.01058959960938,22.7558837890625
1570734135613,65.07925415039062,22.745158691406253
1570734165693,65.05636596679688,22.734433593750005
1570734195780,65.07162475585938,22.745158691406253
1570734225869,65.65908813476562,22.76660888671875
1570734255944,65.43783569335938,22.7558837890625
1570734286016,65.20132446289062,22.745158691406253
1570734316103,65.08688354492188,22.76660888671875
1570734346191,65.10214233398438,22.734433593750005
1570734376279,65.17843627929688,22.7558837890625
1570734406344,65.16317749023438,22.76660888671875
1570734436432,65.17080688476562,22.76660888671875
1570734466520,65.22421264648438,22.777333984374998
1570734496603,65.22421264648438,22.76660888671875
1570734526690,65.16317749023438,22.7558837890625
1570734556778,65.16317749023438,22.76660888671875
1570734586866,65.19369506835938,22.7558837890625
1570734616944,65.51412963867188,22.76660888671875
1570734647032,65.34628295898438,22.76660888671875
1570734677120,65.33102416992188,22.7558837890625
1570734707208,65.35391235351562,22.7558837890625
1570734737273,65.32339477539062,22.76660888671875
1570734767333,65.33102416992188,22.798784179687495
1570734797421,65.33102416992188,22.798784179687495
1570734827509,65.33102416992188,22.809509277343743
1570734857597,65.36154174804688,22.777333984374998
1570734887686,65.39968872070312,22.76660888671875
1570734917773,65.42257690429688,22.777333984374998
1570734947861,65.40731811523438,22.798784179687495
1570734977933,65.43783569335938,22.798784179687495
1570735008021,65.46072387695312,22.76660888671875
1570735038094,65.49887084960938,22.798784179687495
1570735068182,65.60568237304688,22.798784179687495
1570735098253,65.51412963867188,22.777333984374998
1570735128340,65.49124145507812,22.809509277343743
1570735158402,65.55227661132812,22.788059082031246
1570735188489,65.68197631835938,22.745158691406253
1570735218564,65.65145874023438,22.7558837890625
1570735248640,65.72775268554688,22.734433593750005
1570735278727,65.65145874023438,22.7558837890625
1570735308814,65.70486450195312,22.745158691406253
1570735338885,65.78878784179688,22.734433593750005
1570735368954,65.87271118164062,22.712983398437494
1570735399042,65.87271118164062,22.712983398437494
1570735429103,65.88796997070312,22.68080810546875
1570735459190,65.90322875976562,22.659357910156253
1570735489278,65.85745239257812,22.6700830078125
1570735519366,65.78115844726562,22.648632812500004
1570735549452,65.74301147460938,22.659357910156253
1570735579533,65.70486450195312,22.63790771484374
1570735609613,65.68197631835938,22.648632812500004
1570735639693,65.72775268554688,22.63790771484374
1570735669780,65.84219360351562,22.63790771484374
1570735699867,65.76589965820312,22.63790771484374
1570735729944,65.82693481445312,22.616457519531245
1570735760004,66.10922241210938,22.63790771484374
1570735790063,66.07870483398438,22.616457519531245
1570735820150,66.09396362304688,22.605732421874997
1570735850237,66.22366333007812,22.616457519531245
1570735880304,66.18551635742188,22.63790771484374
1570735910392,66.11685180664062,22.627182617187493
1570735940479,66.17025756835938,22.605732421874997
1570735970564,66.16262817382812,22.616457519531245
1570736000634,66.13211059570312,22.627182617187493
1570736030722,66.13973999023438,22.616457519531245
1570736060810,66.05581665039062,22.63790771484374
1570736090899,66.15499877929688,22.627182617187493
1570736120984,66.29232788085938,22.63790771484374
1570736151053,66.39151000976562,22.63790771484374
1570736181134,66.48306274414062,22.63790771484374
1570736211221,66.43728637695312,22.63790771484374
1570736241293,66.42202758789062,22.616457519531245
1570736271381,66.36862182617188,22.627182617187493
1570736301469,66.29232788085938,22.627182617187493
1570736331556,66.17788696289062,22.627182617187493
1570736361624,66.28469848632812,22.627182617187493
1570736391711,66.39151000976562,22.616457519531245
1570736421799,66.31521606445312,22.63790771484374
1570736451887,66.36862182617188,22.659357910156253
1570736481954,66.26181030273438,22.63790771484374
1570736512042,66.19314575195312,22.627182617187493
1570736542129,66.33047485351562,22.648632812500004
1570736572217,66.28469848632812,22.659357910156253
1570736602283,66.38388061523438,22.63790771484374
1570736632359,66.36099243164062,22.659357910156253
1570736662447,66.53646850585938,22.659357910156253
1570736692534,66.52883911132812,22.6700830078125
1570736722614,66.54409790039062,22.63790771484374
1570736752702,66.55172729492188,22.659357910156253
1570736782791,66.58224487304688,22.659357910156253
1570736812878,66.42965698242188,22.63790771484374
1570736842943,66.38388061523438,22.659357910156253
1570736873017,66.36099243164062,22.648632812500004
1570736903104,66.47543334960938,22.68080810546875
1570736933192,66.34573364257812,22.6700830078125
1570736963274,66.37625122070312,22.68080810546875
1570736993362,66.47543334960938,22.691533203124997
1570737023450,66.33810424804688,22.659357910156253
1570737053538,66.46017456054688,22.68080810546875
1570737083604,66.52883911132812,22.702258300781246
1570737113692,66.38388061523438,22.68080810546875
1570737143769,66.41439819335938,22.702258300781246
1570737173827,66.36099243164062,22.702258300781246
1570737203915,66.50595092773438,22.712983398437494
1570737233992,66.50595092773438,22.723708496093742
1570737264064,66.51358032226562,22.691533203124997
1570737294152,66.55172729492188,22.712983398437494
1570737324240,66.64328002929688,22.723708496093742
1570737354329,66.49832153320312,22.702258300781246
1570737384416,66.52883911132812,22.734433593750005
1570737414504,66.49069213867188,22.723708496093742
1570737444564,66.46017456054688,22.712983398437494
1570737474624,66.39913940429688,22.723708496093742
1570737504712,66.55172729492188,22.745158691406253
1570737534774,66.65090942382812,22.745158691406253
1570737564843,66.52883911132812,22.712983398437494
1570737594903,66.53646850585938,22.745158691406253
1570737624973,66.54409790039062,22.734433593750005
1570737655043,66.54409790039062,22.734433593750005
1570737685130,66.52883911132812,22.745158691406253
1570737715213,66.49832153320312,22.745158691406253
1570737745300,66.55172729492188,22.745158691406253
1570737775388,66.58224487304688,22.745158691406253
1570737805475,66.75772094726562,22.7558837890625
1570737835564,66.68142700195312,22.7558837890625
1570737865644,66.61276245117188,22.745158691406253
1570737895704,66.55172729492188,22.76660888671875
1570737925792,66.59750366210938,22.76660888671875
1570737955880,66.71957397460938,22.777333984374998
1570737985944,66.85690307617188,22.788059082031246
1570738016003,66.81112670898438,22.76660888671875
1570738046104,66.68142700195312,22.76660888671875
1570738076192,66.61276245117188,22.788059082031246
1570738106254,66.70431518554688,22.788059082031246
1570738136333,66.81112670898438,22.788059082031246
1570738166420,66.84164428710938,22.777333984374998
1570738196508,66.68905639648438,22.777333984374998
1570738226596,66.71957397460938,22.809509277343743
1570738256663,66.68142700195312,22.777333984374998
1570738286778,66.71957397460938,22.809509277343743
1570738316865,66.71194458007812,22.809509277343743
1570738346933,66.87979125976562,22.788059082031246
1570738376993,66.78060913085938,22.809509277343743
1570738407063,66.72720336914062,22.798784179687495
1570738437150,66.74246215820312,22.809509277343743
1570738467237,66.72720336914062,22.809509277343743
1570738497323,66.69668579101562,22.82023437499999
1570738527403,66.78060913085938,22.830959472656254
1570738557490,66.82638549804688,22.82023437499999
1570738587563,66.62039184570312,22.82023437499999
1570738617650,66.54409790039062,22.841684570312502
1570738647737,66.68905639648438,22.841684570312502
1570738677813,66.65853881835938,22.841684570312502
1570738707900,66.75009155273438,22.830959472656254
1570738737974,66.75009155273438,22.841684570312502
1570738768061,66.78060913085938,22.830959472656254
1570738798148,66.81112670898438,22.873859863281247
1570738828235,66.71957397460938,22.863134765625
1570738858313,66.59750366210938,22.85240966796875
1570738888415,66.71957397460938,22.841684570312502
1570738918473,66.66616821289062,22.863134765625
1570738948545,66.68905639648438,22.863134765625
1570738978613,66.71194458007812,22.863134765625
1570739008673,66.62802124023438,22.863134765625
1570739038760,66.78060913085938,22.85240966796875
1570739068822,66.80349731445312,22.884584960937495
1570739098908,66.66616821289062,22.863134765625
1570739128996,66.68142700195312,22.85240966796875
1570739159063,66.71194458007812,22.895310058593743
1570739189149,66.78060913085938,22.873859863281247
1570739219235,66.81875610351562,22.884584960937495
1570739249313,66.82638549804688,22.873859863281247
1570739279401,66.78060913085938,22.90603515624999
1570739309487,66.81112670898438,22.873859863281247
1570739339563,66.79586791992188,22.90603515624999
1570739369651,66.78823852539062,22.884584960937495
1570739399737,66.78060913085938,22.863134765625
1570739429813,66.83401489257812,22.90603515624999
1570739459900,66.78823852539062,22.884584960937495
1570739489983,66.89505004882812,22.895310058593743
1570739520063,66.81112670898438,22.884584960937495
1570739550150,66.81112670898438,22.895310058593743
1570739580237,66.76535034179688,22.884584960937495
1570739610323,66.82638549804688,22.895310058593743
1570739640410,66.81112670898438,22.90603515624999
1570739670493,66.76535034179688,22.90603515624999
1570739700563,66.78060913085938,22.90603515624999
1570739730650,66.77297973632812,22.916760253906254
1570739760737,66.80349731445312,22.916760253906254
1570739790813,66.84927368164062,22.93821044921875
1570739820901,66.92556762695312,22.927485351562503
1570739850963,66.84927368164062,22.90603515624999
1570739881051,66.91793823242188,22.93821044921875
1570739911138,66.91030883789062,22.916760253906254
1570739941226,66.90267944335938,22.93821044921875
1570739971313,66.80349731445312,22.93821044921875
1570740001399,66.84927368164062,22.93821044921875
1570740031486,66.81112670898438,22.93821044921875
1570740061563,66.68142700195312,22.948935546875
1570740091643,66.67379760742188,22.948935546875
1570740121730,66.69668579101562,22.948935546875
1570740151813,66.72720336914062,22.948935546875
1570740181900,66.69668579101562,22.959660644531247
1570740211973,66.71194458007812,22.970385742187496
1570740242059,66.82638549804688,22.927485351562503
1570740272147,66.75772094726562,22.981110839843744
1570740302234,66.73483276367188,22.970385742187496
1570740332303,66.85690307617188,22.959660644531247
1570740362391,66.87216186523438,22.970385742187496
1570740392478,66.78823852539062,22.959660644531247
1570740422563,66.96371459960938,22.981110839843744
1570740452633,66.89505004882812,22.981110839843744
1570740482721,66.82638549804688,22.981110839843744
1570740512803,66.88742065429688,22.970385742187496
1570740542890,66.84927368164062,22.970385742187496
1570740572978,66.87216186523438,23.002561035156255
1570740603063,66.94845581054688,22.981110839843744
1570740633150,66.91793823242188,23.02401123046875
1570740663238,66.88742065429688,23.002561035156255
1570740693325,66.87979125976562,23.002561035156255
1570740723412,66.83401489257812,23.002561035156255
1570740753475,66.89505004882812,23.002561035156255
1570740783563,66.96371459960938,22.991835937499992
1570740813623,67.02474975585938,23.002561035156255
1570740843711,66.96371459960938,22.991835937499992
1570740873798,66.92556762695312,23.013286132812503
1570740903885,66.95608520507812,23.02401123046875
1570740933963,66.99423217773438,23.02401123046875
1570740964051,67.09341430664062,23.013286132812503
1570740994137,67.04000854492188,23.034736328125
1570741024224,66.95608520507812,23.013286132812503
1570741054283,67.00186157226562,23.02401123046875
1570741084371,67.01712036132812,23.013286132812503
1570741114457,67.02474975585938,23.013286132812503
1570741144545,66.97134399414062,23.034736328125
1570741174613,66.96371459960938,23.034736328125
1570741204701,67.07815551757812,23.02401123046875
1570741234788,67.03237915039062,23.013286132812503
1570741264876,67.08578491210938,23.034736328125
1570741294943,67.08578491210938,23.045461425781248
1570741325030,67.07815551757812,23.034736328125
1570741355117,67.04763793945312,23.034736328125
1570741385203,67.14682006835938,23.002561035156255
1570741415273,67.12393188476562,23.034736328125
1570741445361,67.13156127929688,23.056186523437496
1570741475447,67.03237915039062,23.045461425781248
1570741505535,66.97134399414062,23.045461425781248
1570741535603,66.93319702148438,23.045461425781248
1570741565691,67.10104370117188,23.034736328125
1570741595777,67.08578491210938,23.056186523437496
1570741625865,67.01712036132812,23.034736328125
1570741655923,67.05526733398438,23.045461425781248
1570741685985,67.06289672851562,23.056186523437496
1570741716063,67.00186157226562,23.056186523437496
1570741746150,67.05526733398438,23.08836181640624
1570741776237,66.84927368164062,23.109812011718752
1570741806323,66.76535034179688,23.120537109375
1570741836410,66.83401489257812,23.141987304687497
1570741866497,66.75772094726562,23.163437499999993
1570741896563,66.76535034179688,23.152712402343745
1570741926623,66.70431518554688,23.163437499999993
1570741956711,66.65853881835938,23.163437499999993
1570741986798,66.60513305664062,23.184887695312504
1570742016885,66.49069213867188,23.163437499999993
1570742046963,66.42202758789062,23.17416259765624
1570742077051,66.39151000976562,23.163437499999993
1570742107133,66.37625122070312,23.17416259765624
1570742137220,66.29232788085938,23.17416259765624
1570742167283,66.17788696289062,23.17416259765624
1570742197349,66.10922241210938,23.163437499999993
1570742227423,66.11685180664062,23.163437499999993
1570742257509,66.13973999023438,23.17416259765624
1570742287597,66.06344604492188,23.17416259765624
1570742317685,65.93374633789062,23.195612792968753
1570742347743,65.94137573242188,23.195612792968753
1570742377813,65.84982299804688,23.195612792968753
1570742407883,65.76589965820312,23.184887695312504
1570742437953,65.67434692382812,23.195612792968753
1570742468033,65.64382934570312,23.184887695312504
1570742498120,65.63619995117188,23.195612792968753
1570742528207,65.57516479492188,23.184887695312504
1570742558295,65.57516479492188,23.206337890625
1570742588383,65.51412963867188,23.195612792968753
1570742618471,65.48361206054688,23.195612792968753
1570742648558,65.50650024414062,23.195612792968753
1570742678633,65.49887084960938,23.17416259765624
1570742708721,65.50650024414062,23.184887695312504
1570742738807,65.40731811523438,23.17416259765624
1570742768893,65.33102416992188,23.152712402343745
1570742798963,65.28524780273438,23.195612792968753
1570742829075,65.30050659179688,23.17416259765624
1570742859166,65.25473022460938,23.184887695312504
1570742889255,65.22421264648438,23.17416259765624
1570742919343,65.22421264648438,23.17416259765624
1570742949423,65.14028930664062,23.163437499999993
1570742979509,65.06399536132812,23.17416259765624
1570743009593,65.08688354492188,23.184887695312504
1570743039680,65.07925415039062,23.17416259765624
1570743069767,65.10214233398438,23.163437499999993
1570743099853,65.04873657226562,23.152712402343745
1570743129923,65.04873657226562,23.120537109375
1570743160010,65.10977172851562,23.099086914062504
1570743190098,65.13265991210938,23.120537109375
1570743220185,65.07925415039062,23.141987304687497
1570743250243,65.05636596679688,23.13126220703125
1570743280313,65.10977172851562,23.13126220703125
1570743310373,65.04873657226562,23.152712402343745
1570743340438,65.03347778320312,23.13126220703125
1570743370525,64.98770141601562,23.120537109375
1570743400612,64.96481323242188,23.120537109375
1570743430699,64.95718383789062,23.109812011718752
1570743460785,64.93429565429688,23.099086914062504
1570743490873,64.92666625976562,23.120537109375
1570743520943,64.86563110351562,23.099086914062504
1570743551037,64.92666625976562,23.099086914062504
1570743581125,64.90377807617188,23.109812011718752
1570743611213,64.78170776367188,23.077636718749993
1570743641273,64.78933715820312,23.08836181640624
1570743671359,64.75881958007812,23.077636718749993
1570743701438,64.78170776367188,23.077636718749993
1570743731525,64.72067260742188,23.056186523437496
1570743761602,64.77407836914062,23.056186523437496
1570743791690,64.78933715820312,23.056186523437496
1570743821778,64.81222534179688,23.056186523437496
1570743851865,64.77407836914062,23.066911621093745
1570743881922,64.75119018554688,23.056186523437496
1570743912010,64.75119018554688,23.056186523437496
1570743942097,64.70541381835938,23.045461425781248
1570743972175,64.70541381835938,23.034736328125
1570744002263,64.70541381835938,23.045461425781248
1570744032343,64.67489624023438,23.045461425781248
1570744062429,64.59860229492188,23.034736328125
1570744092493,64.59860229492188,23.034736328125
1570744122563,64.58334350585938,23.02401123046875
1570744152623,64.60623168945312,23.013286132812503
1570744182710,64.55282592773438,23.034736328125
1570744212783,64.45364379882812,23.02401123046875
1570744242871,64.46127319335938,23.02401123046875
1570744272932,64.40023803710938,23.034736328125
1570744303020,64.38497924804688,23.013286132812503
1570744333107,64.40023803710938,23.02401123046875
1570744363194,64.40023803710938,22.991835937499992
1570744393279,64.36972045898438,23.02401123046875
1570744423367,64.33920288085938,23.002561035156255
1570744453454,64.33920288085938,22.991835937499992
1570744483532,64.27816772460938,23.002561035156255
1570744513613,64.23239135742188,22.991835937499992
1570744543694,64.20950317382812,22.970385742187496
1570744573782,64.25527954101562,22.970385742187496
1570744603869,64.24765014648438,22.959660644531247
1570744633932,64.24765014648438,22.981110839843744
1570744664012,64.26290893554688,22.981110839843744
1570744694094,64.25527954101562,22.981110839843744
1570744724163,64.23239135742188,22.959660644531247
1570744754250,64.24002075195312,22.948935546875
1570744784338,64.26290893554688,22.948935546875
1570744814423,64.24002075195312,22.948935546875
1570744844482,64.24002075195312,22.970385742187496
1570744874563,64.17135620117188,22.93821044921875
1570744904633,64.18661499023438,22.948935546875
1570744934719,63.683074951171875,22.90603515624999
1570744964782,63.278717041015625,22.90603515624999
1570744994870,62.988800048828125,22.863134765625
1570745024933,62.988800048828125,22.863134765625
1570745054993,63.034576416015625,22.82023437499999
1570745085063,63.011688232421875,22.76660888671875
1570745115150,62.813323974609375,22.777333984374998
1570745145237,62.752288818359375,22.76660888671875
1570745175313,62.698883056640625,22.712983398437494
1570745205373,62.546295166015625,22.702258300781246
1570745235453,62.264007568359375,22.68080810546875
1570745265540,62.149566650390625,22.702258300781246
1570745295628,61.836761474609375,22.702258300781246
1570745325715,61.760467529296875,22.68080810546875
1570745355792,61.737579345703125,22.6700830078125
1570745385853,61.760467529296875,22.627182617187493
1570745415913,61.821502685546875,22.616457519531245
1570745445983,61.707061767578125,22.605732421874997
1570745476043,61.615509033203125,22.5842822265625
1570745506130,61.607879638671875,22.562832031250004
1570745536218,61.462921142578125,22.5842822265625
1570745566305,61.478179931640625,22.573557128906252
1570745596373,61.447662353515625,22.562832031250004
1570745626438,61.310333251953125,22.562832031250004
1570745656526,61.165374755859375,22.541381835937493
1570745686606,61.081451416015625,22.55210693359374
1570745716693,61.134857177734375,22.509206542968748
1570745746780,61.012786865234375,22.541381835937493
1570745776867,61.066192626953125,22.530656738281245
1570745806933,60.944122314453125,22.530656738281245
1570745837020,60.997528076171875,22.48775634765625
1570745867107,60.982269287109375,22.4984814453125
1570745897193,60.951751708984375,22.4984814453125
1570745927281,60.944122314453125,22.509206542968748
1570745957363,60.654205322265625,22.48775634765625
1570745987443,60.722869873046875,22.48775634765625
1570746017523,60.661834716796875,22.466306152343755
1570746047583,60.677093505859375,22.477031250000003
1570746077670,60.585540771484375,22.477031250000003
1570746107758,60.555023193359375,22.509206542968748
1570746137845,60.478729248046875,22.48775634765625
1570746167906,60.448211669921875,22.519931640624996
1570746197993,60.349029541015625,22.509206542968748
1570746228053,60.226959228515625,22.477031250000003
1570746258140,60.287994384765625,22.4984814453125
1570746288227,60.204071044921875,22.4984814453125
1570746318312,60.104888916015625,22.477031250000003
1570746348383,60.173553466796875,22.455581054687492
1570746378470,60.204071044921875,22.466306152343755
1570746408557,60.059112548828125,22.444855957031244
1570746438644,59.883636474609375,22.466306152343755
